ID,TYPE,COMMIT,STATUS,DESCRIPTION,REPORTER,ASSIGNEE,DUE,CREATED,RESOLVED,NOTES
1,task,79b085a,closed,Task A,David,David,2/10/2026,2/10/2026,2/10/2026,
2,task,b3c8db0,closed,Task B,David,David,2/10/2026,2/10/2026,2/10/2026,
3,task,6480098,closed,Task C,David,David,2/10/2026,2/10/2026,2/10/2026,
4,task,4ea8512,closed,Task A,Kevin,Kevin,2/6/2026,2/6/2026,2/6/2026,
5,task,a1dee64,closed,Task B,Kevin,Kevin,2/8/2026,2/8/2026,2/8/2026,
6,task,447bd9e,closed,Task C,Kevin,Kevin,2/10/2026,2/10/2026,2/10/2026,
7,task,4efea19,closed,Format Correction,David,David,2/11/2026,2/11/2026,2/11/2026,
8,task,c464e2a,closed,Task A,Terrell,Terrell,2/6/2026,2/6/2026,2/6/2026,
9,task,f713711,closed,Task B,Terrell,Terrell,2/8/2026,2/8/2026,2/8/2026,
10,task,56e1e05,closed,Task C,Terrell,Terrell,2/9/2026,2/9/2026,2/9/2026,

